<?xml version="1.0" encoding="UTF-8"?>
<feature
      id="collaviz.feature"
      label="Collaviz"
      version="1.0.0.qualifier">

   <description url="http://www.collaviz.org">
      DSL and Generator for Collaviz Framework
   </description>

   <copyright url="http://www.example.com/copyright">
      Collaviz
   </copyright>

   <license url="http://www.example.com/license">
      Collaviz
   </license>

   <requires>
      <import plugin="org.eclipse.core.runtime"/>
      <import plugin="org.eclipse.emf.ecore"/>
      <import plugin="org.eclipse.emf.edit"/>
      <import plugin="org.eclipse.core.resources"/>
      <import plugin="org.eclipse.emf.ecore.xmi"/>
      <import plugin="org.eclipse.emf.edit.ui"/>
      <import plugin="org.eclipse.ui.ide"/>
      <import plugin="org.eclipse.ui"/>
      <import plugin="org.kermeta.utils.systemservices.eclipse" version="2.0.99" match="greaterOrEqual"/>
      <import plugin="org.kermeta.utils.systemservices.api" version="2.0.99" match="greaterOrEqual"/>
      <import plugin="collaviz" version="1.0.0" match="greaterOrEqual"/>
      <import plugin="org.kermeta.language.library.core"/>
      <import plugin="org.eclipse.emf.common"/>
      <import plugin="org.kermeta.language.model"/>
      <import plugin="org.kermeta.utils.helpers"/>
      <import plugin="org.scala-ide.scala.library"/>
      <import plugin="org.eclipse.jface"/>
      <import plugin="org.eclipse.swt"/>
   </requires>

   <plugin
         id="collaviz"
         download-size="0"
         install-size="0"
         version="0.0.0"
         unpack="false"/>

   <plugin
         id="collaviz.edit"
         download-size="0"
         install-size="0"
         version="0.0.0"
         unpack="false"/>

   <plugin
         id="collaviz.editor"
         download-size="0"
         install-size="0"
         version="0.0.0"
         unpack="false"/>

   <plugin
         id="collavizPlugin"
         download-size="0"
         install-size="0"
         version="0.0.0"
         unpack="false"/>

</feature>
